,precision,recall,f1-score,support
NO,0.8333333333333334,0.45454545454545453,0.5882352941176471,11.0
YES,0.9047619047619048,0.9827586206896551,0.9421487603305785,58.0
accuracy,0.8985507246376812,0.8985507246376812,0.8985507246376812,0.8985507246376812
macro avg,0.8690476190476191,0.7186520376175548,0.7651920272241128,69.0
weighted avg,0.893374741200828,0.8985507246376812,0.8857277729632995,69.0
