,precision,recall,f1-score,support
NO,0.6666666666666666,0.8,0.7272727272727273,5.0
YES,0.9841269841269841,0.96875,0.9763779527559056,64.0
accuracy,0.9565217391304348,0.9565217391304348,0.9565217391304348,0.9565217391304348
macro avg,0.8253968253968254,0.884375,0.8518253400143164,69.0
weighted avg,0.9611226132965264,0.9565217391304348,0.9583268494600231,69.0
