{
    "accuracy": 0.8985507246376812,
    "precision": 0.9047619047619048,
    "recall": 0.9827586206896551,
    "f1_score": 0.9421487603305785,
    "confusion_matrix": [
        [
            5,
            6
        ],
        [
            1,
            57
        ]
    ]
}