{
    "accuracy": 0.9565217391304348,
    "precision": 0.9841269841269841,
    "recall": 0.96875,
    "f1_score": 0.9763779527559056,
    "confusion_matrix": [
        [
            4,
            1
        ],
        [
            2,
            62
        ]
    ]
}