{
    "accuracy": 0.9230769230769231,
    "precision": 0.9428571428571428,
    "recall": 0.9705882352941176,
    "f1_score": 0.9565217391304348,
    "confusion_matrix": [
        [
            6,
            4
        ],
        [
            2,
            66
        ]
    ],
    "classification_report": "              precision    recall  f1-score   support\n\n          NO       0.75      0.60      0.67        10\n         YES       0.94      0.97      0.96        68\n\n    accuracy                           0.92        78\n   macro avg       0.85      0.79      0.81        78\nweighted avg       0.92      0.92      0.92        78\n"
}